{
	"maxSpeed": 17,
	"jitter": {
		"angle": 4,
		"cycle": 5
	},
	"rudder": {
		"maxOrient": 0.9,
		"speed": 0.3
	},
	"dive": {
		"maxSpeed": 1.5,
		"accelerate": 0.5
	},
	"torpedo": {
		"launchers": [{
			"position": [0.053, 2.64, -0.068],
			"orient": [0, 1, 0]
		}, {
			"position": [-0.053, 2.64, -0.068],
			"orient": [0, 1, 0]
		}, {
			"position": [0.046, 2.64, -0.164],
			"orient": [0, 1, 0]
		}, {
			"position": [-0.046, 2.64, -0.164],
			"orient": [0, 1, 0]
		}, {
			"position": [0, -2.64, -0.097],
			"orient": [0, -1, 0]
		}]
	}
}