{
	"maxSpeed": 31.5,
	"jitter": {
		"angle": 4,
		"cycle": 8
	},
	"rudder": {
		"maxOrient": 1.1,
		"speed": 0.5
	},
	"particleGenerator": [{
		"position": [0, 1.34, 2.4],
		"velocity": [0, 0, 1],
		"up": [1, 0, 0],
		"scatter": 0.3,
		"texture": "smoke",
		"count": 50,
		"lifetime": 5,
		"color": [0, 0, 0],
		"opacity": 0.33
	}, {
		"position": [0, -1, 2.2],
		"velocity": [0, 0, 1],
		"up": [1, 0, 0],
		"scatter": 0.3,
		"count": 50,
		"texture": "smoke",
		"lifetime": 5,
		"color": [0, 0, 0],
		"opacity": 0.33
	}]
}